{"cameraMode":{"drawMode":0,"name":"Shaded","section":"Shading Mode"},"sceneLighting":true,"audioPlay":false,"sceneViewState":{"showFog":false,"showMaterialUpdate":false,"showSkybox":false,"showFlares":false,"showImageEffects":false,"showParticleSystems":false},"in2DMode":false,"pivot":{"x":0.43211686611175539,"y":9.100202560424805,"z":-9.434900283813477},"rotation":{"x":-0.37045469880104067,"y":0.03817030042409897,"z":-0.015237231738865376,"w":-0.9279409050941467},"size":1.684497594833374,"orthographic":false}