{"cameraMode":{"drawMode":0,"name":"Shaded","section":"Shading Mode"},"sceneLighting":false,"audioPlay":false,"sceneViewState":{"showFog":false,"showMaterialUpdate":false,"showSkybox":false,"showFlares":false,"showImageEffects":false,"showParticleSystems":false},"in2DMode":false,"pivot":{"x":0.2078033685684204,"y":1.2579452991485596,"z":0.0},"rotation":{"x":-0.1259978711605072,"y":-0.0038580927066504957,"z":0.0004911258001811802,"w":-0.9920228719711304},"size":2.8856120109558107,"orthographic":false}